Workbook

Sheet Sheet1
A1: 贵阳公共交通（集团）有限公司运营生产月报（客运量）
A2: 填报单位：小河分公司
A3: 单位名称 | C3: 投币客运量 | D3: 刷卡客运量 | T3: 市场客运量 | U3: 总计
D4: 九折卡客运量 | E4: 银联卡客运量 | F4: 季票客运量 | J4: 减、免卡客运量 | S4: 刷卡累计
F5: 成人季票 | G5: 学生季票 | H5: 息烽季票 | I5: 小计 | J5: 老年卡 | K5: 残疾人卡 | L5: 退休职工卡 | M5: 职工卡 | N5: 退伍军人A | O5: 退伍军人B | P5: 义务监督卡 | Q5: 综合卡人次 | R5: 小计
A6: 小河分公司合计 | C6: =SUM(C7:C87) -> 736626 | D6: =SUM(D7:D87) -> 4528641 | E6: =SUM(E7:E87) -> 184193 | F6: =SUM(F7:F87) -> 756 | G6: =SUM(G7:G87) -> 237847 | H6: =SUM(H7:H87) -> 0 | I6: =SUM(I7:I87) -> 238603 | J6: =SUM(J7:J87) -> 1634600 | ... U6: =SUM(U7:U87) -> 8035120
A7: 一车队 | B7: 5路 | C7: 17980 | D7: 135807 | E7: 6220 | F7: 9 | G7: 6933 | H7: 0 | I7: =SUM(F7:H7) -> 6942 | J7: 52292 | K7: 9283 | L7: 3625 | M7: 1875 | N7: 6859 | O7: 0 | P7: 146 | Q7: 104 | R7: =SUM(J7:Q7) -> 74184 | S7: =R7+I7+E7+D7 -> 223153 | T7: =IFERROR(VLOOKUP(B7,[1]月分析表!$A$9:$AT$120,44,0),0)+IFERROR(VLOOKUP(B7,[1]月分析表!$A$9:$AU$120,46,0),0) -> 305 | U7: =S7+C7+T7 -> 241438
B8: 47路 | C8: 20497 | D8: 117514 | E8: 3553 | F8: 0 | G8: 7865 | H8: 0 | I8: =SUM(F8:H8) -> 7865 | J8: 31861 | K8: 6139 | L8: 1523 | M8: 1038 | N8: 5936 | O8: 0 | P8: 138 | Q8: 38 | R8: =SUM(J8:Q8) -> 46673 | S8: =R8+I8+E8+D8 -> 175605 | T8: =IFERROR(VLOOKUP(B8,[1]月分析表!$A$9:$AT$120,44,0),0)+IFERROR(VLOOKUP(B8,[1]月分析表!$A$9:$AU$120,46,0),0) -> 63 | U8: =S8+C8+T8 -> 196165
B9: 52路 | C9: 8795 | D9: 78004 | E9: 4462 | F9: 2 | G9: 2390 | H9: 0 | I9: =SUM(F9:H9) -> 2392 | J9: 51183 | K9: 6857 | L9: 2826 | M9: 1017 | N9: 3940 | O9: 0 | P9: 155 | Q9: 52 | R9: =SUM(J9:Q9) -> 66030 | S9: =R9+I9+E9+D9 -> 150888 | T9: =IFERROR(VLOOKUP(B9,[1]月分析表!$A$9:$AT$120,44,0),0)+IFERROR(VLOOKUP(B9,[1]月分析表!$A$9:$AU$120,46,0),0) -> 7746 | U9: =S9+C9+T9 -> 167429
B10: 69路 | C10: 11338 | D10: 88403 | E10: 2467 | F10: 3 | G10: 5269 | H10: 0 | I10: =SUM(F10:H10) -> 5272 | J10: 18957 | K10: 3772 | L10: 1108 | M10: 610 | N10: 4465 | O10: 0 | P10: 43 | Q10: 15 | R10: =SUM(J10:Q10) -> 28970 | S10: =R10+I10+E10+D10 -> 125112 | T10: =IFERROR(VLOOKUP(B10,[1]月分析表!$A$9:$AT$120,44,0),0)+IFERROR(VLOOKUP(B10,[1]月分析表!$A$9:$AU$120,46,0),0) -> 0 | U10: =S10+C10+T10 -> 136450
B11: 75路 | C11: 10807 | D11: 98497 | E11: 4258 | F11: 3 | G11: 2797 | H11: 0 | I11: =SUM(F11:H11) -> 2800 | J11: 30475 | K11: 5885 | L11: 2606 | M11: 1077 | N11: 4975 | O11: 0 | P11: 127 | Q11: 94 | R11: =SUM(J11:Q11) -> 45239 | S11: =R11+I11+E11+D11 -> 150794 | T11: =IFERROR(VLOOKUP(B11,[1]月分析表!$A$9:$AT$120,44,0),0)+IFERROR(VLOOKUP(B11,[1]月分析表!$A$9:$AU$120,46,0),0) -> 1843 | U11: =S11+C11+T11 -> 163444
B12: 202路 | C12: 9346 | D12: 75631 | E12: 2347 | F12: 1 | G12: 3340 | H12: 0 | I12: =SUM(F12:H12) -> 3341 | J12: 19061 | K12: 4577 | L12: 1537 | M12: 977 | N12: 3820 | O12: 0 | P12: 63 | Q12: 42 | R12: =SUM(J12:Q12) -> 30077 | S12: =R12+I12+E12+D12 -> 111396 | T12: =IFERROR(VLOOKUP(B12,[1]月分析表!$A$9:$AT$120,44,0),0)+IFERROR(VLOOKUP(B12,[1]月分析表!$A$9:$AU$120,46,0),0) -> 0 | U12: =S12+C12+T12 -> 120742
B13: 254路 | C13: 2637 | D13: 11787 | E13: 344 | F13: 0 | G13: 982 | H13: 0 | I13: =SUM(F13:H13) -> 982 | J13: 2930 | K13: 673 | L13: 63 | M13: 128 | N13: 595 | O13: 0 | P13: 1 | Q13: 2 | R13: =SUM(J13:Q13) -> 4392 | S13: =R13+I13+E13+D13 -> 17505 | T13: =IFERROR(VLOOKUP(B13,[1]月分析表!$A$9:$AT$120,44,0),0)+IFERROR(VLOOKUP(B13,[1]月分析表!$A$9:$AU$120,46,0),0) -> 0 | U13: =S13+C13+T13 -> 20142
B14: 308路 | C14: 9525 | D14: 96488 | E14: 2368 | F14: 1 | G14: 3585 | H14: 0 | I14: =SUM(F14:H14) -> 3586 | J14: 21137 | K14: 3825 | L14: 982 | M14: 574 | N14: 4873 | O14: 0 | P14: 33 | Q14: 19 | R14: =SUM(J14:Q14) -> 31443 | S14: =R14+I14+E14+D14 -> 133885 | T14: =IFERROR(VLOOKUP(B14,[1]月分析表!$A$9:$AT$120,44,0),0)+IFERROR(VLOOKUP(B14,[1]月分析表!$A$9:$AU$120,46,0),0) -> 0 | U14: =S14+C14+T14 -> 143410
B15: 325路 | C15: 2457 | D15: 5802 | E15: 185 | F15: 1 | G15: 1464 | H15: 0 | I15: =SUM(F15:H15) -> 1465 | J15: 2736 | K15: 358 | L15: 54 | M15: 71 | N15: 293 | O15: 0 | P15: 0 | Q15: 0 | R15: =SUM(J15:Q15) -> 3512 | S15: =R15+I15+E15+D15 -> 10964 | T15: =IFERROR(VLOOKUP(B15,[1]月分析表!$A$9:$AT$120,44,0),0)+IFERROR(VLOOKUP(B15,[1]月分析表!$A$9:$AU$120,46,0),0) -> 0 | U15: =S15+C15+T15 -> 13421
B16: 612路 | C16: 3871 | D16: 15231 | E16: 899 | F16: 0 | G16: 5056 | H16: 0 | I16: =SUM(F16:H16) -> 5056 | J16: 9304 | K16: 2768 | L16: 405 | M16: 195 | N16: 770 | O16: 0 | P16: 39 | Q16: 32 | R16: =SUM(J16:Q16) -> 13513 | S16: =R16+I16+E16+D16 -> 34699 | T16: =IFERROR(VLOOKUP(B16,[1]月分析表!$A$9:$AT$120,44,0),0)+IFERROR(VLOOKUP(B16,[1]月分析表!$A$9:$AU$120,46,0),0) -> 0 | U16: =S16+C16+T16 -> 38570
B17: 20207路 | C17: 740 | D17: 2294 | E17: 93 | F17: 0 | G17: 36 | H17: 0 | I17: =SUM(F17:H17) -> 36 | J17: 997 | K17: 179 | L17: 30 | M17: 17 | N17: 116 | O17: 0 | P17: 0 | Q17: 2 | R17: =SUM(J17:Q17) -> 1341 | S17: =R17+I17+E17+D17 -> 3764 | T17: =IFERROR(VLOOKUP(B17,[1]月分析表!$A$9:$AT$120,44,0),0)+IFERROR(VLOOKUP(B17,[1]月分析表!$A$9:$AU$120,46,0),0) -> 0 | U17: =S17+C17+T17 -> 4504
A18: 二车队 | B18: 204路 | C18: 30079 | D18: 131243 | E18: 6698 | F18: 3 | G18: 8478 | H18: 0 | I18: =SUM(F18:H18) -> 8481 | J18: 62303 | K18: 8642 | L18: 1539 | M18: 1375 | N18: 6629 | O18: 0 | P18: 43 | Q18: 46 | R18: =SUM(J18:Q18) -> 80577 | S18: =R18+I18+E18+D18 -> 226999 | T18: =IFERROR(VLOOKUP(B18,[1]月分析表!$A$9:$AT$120,44,0),0)+IFERROR(VLOOKUP(B18,[1]月分析表!$A$9:$AU$120,46,0),0) -> 591 | U18: =S18+C18+T18 -> 257669
B19: 207路 | C19: 14444 | D19: 128668 | E19: 2393 | F19: 1 | G19: 1696 | H19: 0 | I19: =SUM(F19:H19) -> 1697 | J19: 17565 | K19: 3903 | L19: 1095 | M19: 682 | N19: 6498 | O19: 0 | P19: 33 | Q19: 12 | R19: =SUM(J19:Q19) -> 29788 | S19: =R19+I19+E19+D19 -> 162546 | T19: =IFERROR(VLOOKUP(B19,[1]月分析表!$A$9:$AT$120,44,0),0)+IFERROR(VLOOKUP(B19,[1]月分析表!$A$9:$AU$120,46,0),0) -> 186 | U19: =S19+C19+T19 -> 177176
B20: 248路 | C20: 57079 | D20: 225621 | E20: 10387 | F20: 6 | G20: 11832 | H20: 0 | I20: =SUM(F20:H20) -> 11838 | J20: 97597 | K20: 16367 | L20: 5707 | M20: 3221 | N20: 11396 | O20: 0 | P20: 171 | Q20: 96 | R20: =SUM(J20:Q20) -> 134555 | S20: =R20+I20+E20+D20 -> 382401 | T20: =IFERROR(VLOOKUP(B20,[1]月分析表!$A$9:$AT$120,44,0),0)+IFERROR(VLOOKUP(B20,[1]月分析表!$A$9:$AU$120,46,0),0) -> 5590 | U20: =S20+C20+T20 -> 445070
B21: 255路 | C21: 19143 | D21: 119167 | E21: 2178 | F21: 20 | G21: 1664 | H21: 0 | I21: =SUM(F21:H21) -> 1684 | J21: 12618 | K21: 4254 | L21: 847 | M21: 465 | N21: 6019 | O21: 0 | P21: 30 | Q21: 30 | R21: =SUM(J21:Q21) -> 24263 | S21: =R21+I21+E21+D21 -> 147292 | T21: =IFERROR(VLOOKUP(B21,[1]月分析表!$A$9:$AT$120,44,0),0)+IFERROR(VLOOKUP(B21,[1]月分析表!$A$9:$AU$120,46,0),0) -> 191 | U21: =S21+C21+T21 -> 166626
B22: 806路 | C22: 289 | D22: 7399 | E22: 71 | F22: 0 | G22: 50 | H22: 0 | I22: =SUM(F22:H22) -> 50 | J22: 877 | K22: 215 | L22: 55 | M22: 45 | N22: 374 | O22: 0 | P22: 3 | Q22: 2 | R22: =SUM(J22:Q22) -> 1571 | S22: =R22+I22+E22+D22 -> 9091 | T22: =IFERROR(VLOOKUP(B22,[1]月分析表!$A$9:$AT$120,44,0),0)+IFERROR(VLOOKUP(B22,[1]月分析表!$A$9:$AU$120,46,0),0) -> 3313 | U22: =S22+C22+T22 -> 12693
B23: 808路 | C23: 623 | D23: 8266 | E23: 84 | F23: 0 | G23: 51 | H23: 0 | I23: =SUM(F23:H23) -> 51 | J23: 842 | K23: 141 | L23: 71 | M23: 70 | N23: 418 | O23: 0 | P23: 6 | Q23: 1 | R23: =SUM(J23:Q23) -> 1549 | S23: =R23+I23+E23+D23 -> 9950 | T23: =IFERROR(VLOOKUP(B23,[1]月分析表!$A$9:$AT$120,44,0),0)+IFERROR(VLOOKUP(B23,[1]月分析表!$A$9:$AU$120,46,0),0) -> 0 | U23: =S23+C23+T23 -> 10573
B24: 809路 | C24: 1696 | D24: 2350 | E24: 12 | F24: 0 | G24: 0 | H24: 0 | I24: =SUM(F24:H24) -> 0 | J24: 0 | K24: 0 | L24: 0 | M24: 0 | N24: 0 | O24: 0 | P24: 0 | Q24: 0 | R24: =SUM(J24:Q24) -> 0 | S24: =R24+I24+E24+D24 -> 2362 | T24: =IFERROR(VLOOKUP(B24,[1]月分析表!$A$9:$AT$78,44,0),0)+IFERROR(VLOOKUP(B24,[1]月分析表!$A$9:$AU$78,46,0),0)+S24+C24 -> 4058 | U24: =T24 -> 4058
B25: B267路 | C25: 2558 | D25: 12755 | E25: 333 | F25: 0 | G25: 132 | H25: 0 | I25: =SUM(F25:H25) -> 132 | J25: 1639 | K25: 590 | L25: 95 | M25: 102 | N25: 645 | O25: 0 | P25: 3 | Q25: 5 | R25: =SUM(J25:Q25) -> 3079 | S25: =R25+I25+E25+D25 -> 16299 | T25: =IFERROR(VLOOKUP(B25,[1]月分析表!$A$9:$AT$120,44,0),0)+IFERROR(VLOOKUP(B25,[1]月分析表!$A$9:$AU$120,46,0),0) -> 0 | U25: =S25+C25+T25 -> 18857
B26: 10248路 | C26: 26226 | D26: 119991 | E26: 4814 | F26: 0 | G26: 3392 | H26: 0 | I26: =SUM(F26:H26) -> 3392 | J26: 42001 | K26: 6826 | L26: 2362 | M26: 1320 | N26: 6061 | O26: 0 | P26: 84 | Q26: 26 | R26: =SUM(J26:Q26) -> 58680 | S26: =R26+I26+E26+D26 -> 186877 | T26: =IFERROR(VLOOKUP(B26,[1]月分析表!$A$9:$AT$120,44,0),0)+IFERROR(VLOOKUP(B26,[1]月分析表!$A$9:$AU$120,46,0),0) -> 1713 | U26: =S26+C26+T26 -> 214816
A27: 三车队 | B27: 9路 | C27: 24466 | D27: 179519 | E27: 7458 | F27: 86 | G27: 7990 | H27: 0 | I27: =SUM(F27:H27) -> 8076 | J27: 69019 | K27: 10419 | L27: 2481 | M27: 1531 | N27: 9068 | O27: 0 | P27: 118 | Q27: 116 | R27: =SUM(J27:Q27) -> 92752 | S27: =R27+I27+E27+D27 -> 287805 | T27: =IFERROR(VLOOKUP(B27,[1]月分析表!$A$9:$AT$120,44,0),0)+IFERROR(VLOOKUP(B27,[1]月分析表!$A$9:$AU$120,46,0),0) -> 47 | U27: =S27+C27+T27 -> 312318
B28: 11路 | C28: 21836 | D28: 142382 | E28: 5798 | F28: 1 | G28: 7719 | H28: 0 | I28: =SUM(F28:H28) -> 7720 | J28: 55602 | K28: 9784 | L28: 2307 | M28: 1063 | N28: 7191 | O28: 0 | P28: 134 | Q28: 100 | R28: =SUM(J28:Q28) -> 76181 | S28: =R28+I28+E28+D28 -> 232081 | T28: =IFERROR(VLOOKUP(B28,[1]月分析表!$A$9:$AT$120,44,0),0)+IFERROR(VLOOKUP(B28,[1]月分析表!$A$9:$AU$120,46,0),0) -> 2962 | U28: =S28+C28+T28 -> 256879
B29: 13路 | C29: 25939 | D29: 110789 | E29: 5444 | F29: 0 | G29: 11133 | H29: 0 | I29: =SUM(F29:H29) -> 11133 | J29: 59798 | K29: 8871 | L29: 2482 | M29: 1181 | N29: 5596 | O29: 0 | P29: 81 | Q29: 47 | R29: =SUM(J29:Q29) -> 78056 | S29: =R29+I29+E29+D29 -> 205422 | T29: =IFERROR(VLOOKUP(B29,[1]月分析表!$A$9:$AT$120,44,0),0)+IFERROR(VLOOKUP(B29,[1]月分析表!$A$9:$AU$120,46,0),0) -> 693 | U29: =S29+C29+T29 -> 232054
B30: 43路 | C30: 23993 | D30: 61859 | E30: 2528 | F30: 1 | G30: 4026 | H30: 0 | I30: =SUM(F30:H30) -> 4027 | J30: 29074 | K30: 4530 | L30: 721 | M30: 789 | N30: 3125 | O30: 0 | P30: 15 | Q30: 36 | R30: =SUM(J30:Q30) -> 38290 | S30: =R30+I30+E30+D30 -> 106704 | T30: =IFERROR(VLOOKUP(B30,[1]月分析表!$A$9:$AT$120,44,0),0)+IFERROR(VLOOKUP(B30,[1]月分析表!$A$9:$AU$120,46,0),0) -> 323 | U30: =S30+C30+T30 -> 131020
B31: 53路 | C31: 6234 | D31: 29965 | E31: 1090 | F31: 0 | G31: 2790 | H31: 0 | I31: =SUM(F31:H31) -> 2790 | J31: 8363 | K31: 1936 | L31: 292 | M31: 343 | N31: 1513 | O31: 0 | P31: 15 | Q31: 4 | R31: =SUM(J31:Q31) -> 12466 | S31: =R31+I31+E31+D31 -> 46311 | T31: =IFERROR(VLOOKUP(B31,[1]月分析表!$A$9:$AT$120,44,0),0)+IFERROR(VLOOKUP(B31,[1]月分析表!$A$9:$AU$120,46,0),0) -> 1166 | U31: =S31+C31+T31 -> 53711
B32: 327路 | C32: 2846 | D32: 5506 | E32: 250 | F32: 0 | G32: 93 | H32: 0 | I32: =SUM(F32:H32) -> 93 | J32: 3155 | K32: 426 | L32: 42 | M32: 50 | N32: 278 | O32: 0 | P32: 0 | Q32: 2 | R32: =SUM(J32:Q32) -> 3953 | S32: =R32+I32+E32+D32 -> 9802 | T32: =IFERROR(VLOOKUP(B32,[1]月分析表!$A$9:$AT$120,44,0),0)+IFERROR(VLOOKUP(B32,[1]月分析表!$A$9:$AU$120,46,0),0) -> 0 | U32: =S32+C32+T32 -> 12648
B33: 609路 | C33: 2854 | D33: 23698 | E33: 1292 | F33: 0 | G33: 2146 | H33: 0 | I33: =SUM(F33:H33) -> 2146 | J33: 10578 | K33: 1916 | L33: 254 | M33: 235 | N33: 1197 | O33: 0 | P33: 22 | Q33: 10 | R33: =SUM(J33:Q33) -> 14212 | S33: =R33+I33+E33+D33 -> 41348 | T33: =IFERROR(VLOOKUP(B33,[1]月分析表!$A$9:$AT$120,44,0),0)+IFERROR(VLOOKUP(B33,[1]月分析表!$A$9:$AU$120,46,0),0) -> 0 | U33: =S33+C33+T33 -> 44202
B34: 610路 | C34: 4303 | D34: 25338 | E34: 1478 | F34: 3 | G34: 2496 | H34: 0 | I34: =SUM(F34:H34) -> 2499 | J34: 26654 | K34: 2510 | L34: 368 | M34: 293 | N34: 1280 | O34: 0 | P34: 7 | Q34: 12 | R34: =SUM(J34:Q34) -> 31124 | S34: =R34+I34+E34+D34 -> 60439 | T34: =IFERROR(VLOOKUP(B34,[1]月分析表!$A$9:$AT$120,44,0),0)+IFERROR(VLOOKUP(B34,[1]月分析表!$A$9:$AU$120,46,0),0) -> 0 | U34: =S34+C34+T34 -> 64742
B35: 618路 | C35: 305 | D35: 503 | E35: 14 | F35: 0 | G35: 0 | H35: 0 | I35: =SUM(F35:H35) -> 0 | J35: 240 | K35: 40 | L35: 0 | M35: 3 | N35: 25 | O35: 0 | P35: 0 | Q35: 0 | R35: =SUM(J35:Q35) -> 308 | S35: =R35+I35+E35+D35 -> 825 | T35: =IFERROR(VLOOKUP(B35,[1]月分析表!$A$9:$AT$120,44,0),0)+IFERROR(VLOOKUP(B35,[1]月分析表!$A$9:$AU$120,46,0),0) -> 0 | U35: =S35+C35+T35 -> 1130
B36: 619路 | C36: 273 | D36: 459 | E36: 14 | F36: 0 | G36: 2 | H36: 0 | I36: =SUM(F36:H36) -> 2 | J36: 254 | K36: 46 | L36: 0 | M36: 2 | N36: 23 | O36: 0 | P36: 0 | Q36: 0 | R36: =SUM(J36:Q36) -> 325 | S36: =R36+I36+E36+D36 -> 800 | T36: =IFERROR(VLOOKUP(B36,[1]月分析表!$A$9:$AT$120,44,0),0)+IFERROR(VLOOKUP(B36,[1]月分析表!$A$9:$AU$120,46,0),0) -> 0 | U36: =S36+C36+T36 -> 1073
B37: B247路 | C37: 4156 | D37: 22909 | E37: 893 | F37: 45 | G37: 1655 | H37: 0 | I37: =SUM(F37:H37) -> 1700 | J37: 5204 | K37: 996 | L37: 107 | M37: 194 | N37: 1157 | O37: 0 | P37: 2 | Q37: 2 | R37: =SUM(J37:Q37) -> 7662 | S37: =R37+I37+E37+D37 -> 33164 | T37: =IFERROR(VLOOKUP(B37,[1]月分析表!$A$9:$AT$120,44,0),0)+IFERROR(VLOOKUP(B37,[1]月分析表!$A$9:$AU$120,46,0),0) -> 0 | U37: =S37+C37+T37 -> 37320
B38: B292路 | C38: 6918 | D38: 90714 | E38: 2244 | F38: 59 | G38: 3923 | H38: 0 | I38: =SUM(F38:H38) -> 3982 | J38: 19200 | K38: 3141 | L38: 1199 | M38: 1304 | N38: 4582 | O38: 0 | P38: 44 | Q38: 20 | R38: =SUM(J38:Q38) -> 29490 | S38: =R38+I38+E38+D38 -> 126430 | T38: =IFERROR(VLOOKUP(B38,[1]月分析表!$A$9:$AT$120,44,0),0)+IFERROR(VLOOKUP(B38,[1]月分析表!$A$9:$AU$120,46,0),0) -> 393 | U38: =S38+C38+T38 -> 133741
B39: 18292路 | C39: 670 | D39: 10784 | E39: 155 | F39: 1 | G39: 294 | H39: 0 | I39: =SUM(F39:H39) -> 295 | J39: 1007 | K39: 224 | L39: 66 | M39: 172 | N39: 545 | O39: 0 | P39: 2 | Q39: 0 | R39: =SUM(J39:Q39) -> 2016 | S39: =R39+I39+E39+D39 -> 13250 | T39: =IFERROR(VLOOKUP(B39,[1]月分析表!$A$9:$AT$120,44,0),0)+IFERROR(VLOOKUP(B39,[1]月分析表!$A$9:$AU$120,46,0),0) -> 0 | U39: =S39+C39+T39 -> 13920
A40: 四车队 | B40: 26路 | C40: 40295 | D40: 223991 | E40: 9047 | F40: 2 | G40: 13369 | H40: 0 | I40: =SUM(F40:H40) -> 13371 | J40: 59789 | K40: 11256 | L40: 1685 | M40: 1243 | N40: 11314 | O40: 0 | P40: 74 | Q40: 53 | R40: =SUM(J40:Q40) -> 85414 | S40: =R40+I40+E40+D40 -> 331823 | T40: =IFERROR(VLOOKUP(B40,[1]月分析表!$A$9:$AT$120,44,0),0)+IFERROR(VLOOKUP(B40,[1]月分析表!$A$9:$AU$120,46,0),0) -> 4239 | U40: =S40+C40+T40 -> 376357
B41: 41路 | C41: 24636 | D41: 108240 | E41: 4679 | F41: 0 | G41: 6410 | H41: 0 | I41: =SUM(F41:H41) -> 6410 | J41: 45335 | K41: 7333 | L41: 2626 | M41: 1637 | N41: 5467 | O41: 0 | P41: 34 | Q41: 36 | R41: =SUM(J41:Q41) -> 62468 | S41: =R41+I41+E41+D41 -> 181797 | T41: =IFERROR(VLOOKUP(B41,[1]月分析表!$A$9:$AT$120,44,0),0)+IFERROR(VLOOKUP(B41,[1]月分析表!$A$9:$AU$120,46,0),0) -> 6009 | U41: =S41+C41+T41 -> 212442
B42: 42路 | C42: 14301 | D42: 91418 | E42: 3954 | F42: 3 | G42: 2924 | H42: 0 | I42: =SUM(F42:H42) -> 2927 | J42: 43058 | K42: 6291 | L42: 1481 | M42: 904 | N42: 4617 | O42: 0 | P42: 95 | Q42: 40 | R42: =SUM(J42:Q42) -> 56486 | S42: =R42+I42+E42+D42 -> 154785 | T42: =IFERROR(VLOOKUP(B42,[1]月分析表!$A$9:$AT$120,44,0),0)+IFERROR(VLOOKUP(B42,[1]月分析表!$A$9:$AU$120,46,0),0) -> 2790 | U42: =S42+C42+T42 -> 171876
B43: 50路 | C43: 15147 | D43: 75221 | E43: 3631 | F43: 104 | G43: 8991 | H43: 0 | I43: =SUM(F43:H43) -> 9095 | J43: 38425 | K43: 6351 | L43: 2122 | M43: 1253 | N43: 3799 | O43: 0 | P43: 41 | Q43: 42 | R43: =SUM(J43:Q43) -> 52033 | S43: =R43+I43+E43+D43 -> 139980 | T43: =IFERROR(VLOOKUP(B43,[1]月分析表!$A$9:$AT$120,44,0),0)+IFERROR(VLOOKUP(B43,[1]月分析表!$A$9:$AU$120,46,0),0) -> 2845 | U43: =S43+C43+T43 -> 157972
B44: 81路 | C44: 7014 | D44: 57956 | E44: 2421 | F44: 0 | G44: 3526 | H44: 0 | I44: =SUM(F44:H44) -> 3526 | J44: 20687 | K44: 3313 | L44: 1263 | M44: 802 | N44: 2927 | O44: 0 | P44: 27 | Q44: 22 | R44: =SUM(J44:Q44) -> 29041 | S44: =R44+I44+E44+D44 -> 92944 | T44: =IFERROR(VLOOKUP(B44,[1]月分析表!$A$9:$AT$120,44,0),0)+IFERROR(VLOOKUP(B44,[1]月分析表!$A$9:$AU$120,46,0),0) -> 30 | U44: =S44+C44+T44 -> 99988
B45: 82路 | C45: 6316 | D45: 55625 | E45: 2330 | F45: 0 | G45: 3731 | H45: 0 | I45: =SUM(F45:H45) -> 3731 | J45: 20283 | K45: 3093 | L45: 1138 | M45: 631 | N45: 2810 | O45: 0 | P45: 28 | Q45: 27 | R45: =SUM(J45:Q45) -> 28010 | S45: =R45+I45+E45+D45 -> 89696 | T45: =IFERROR(VLOOKUP(B45,[1]月分析表!$A$9:$AT$120,44,0),0)+IFERROR(VLOOKUP(B45,[1]月分析表!$A$9:$AU$120,46,0),0) -> 768 | U45: =S45+C45+T45 -> 96780
B46: 64路 | C46: 9856 | D46: 56208 | E46: 1893 | F46: 0 | G46: 3983 | H46: 0 | I46: =SUM(F46:H46) -> 3983 | J46: 10772 | K46: 2428 | L46: 360 | M46: 319 | N46: 2839 | O46: 0 | P46: 11 | Q46: 4 | R46: =SUM(J46:Q46) -> 16733 | S46: =R46+I46+E46+D46 -> 78817 | T46: =IFERROR(VLOOKUP(B46,[1]月分析表!$A$9:$AT$120,44,0),0)+IFERROR(VLOOKUP(B46,[1]月分析表!$A$9:$AU$120,46,0),0) -> 1459 | U46: =S46+C46+T46 -> 90132
B47: 239路 | C47: 6968 | D47: 33204 | E47: 974 | F47: 0 | G47: 1249 | H47: 0 | I47: =SUM(F47:H47) -> 1249 | J47: 6516 | K47: 1417 | L47: 237 | M47: 230 | N47: 1677 | O47: 0 | P47: 25 | Q47: 22 | R47: =SUM(J47:Q47) -> 10124 | S47: =R47+I47+E47+D47 -> 45551 | T47: =IFERROR(VLOOKUP(B47,[1]月分析表!$A$9:$AT$120,44,0),0)+IFERROR(VLOOKUP(B47,[1]月分析表!$A$9:$AU$120,46,0),0) -> 0 | U47: =S47+C47+T47 -> 52519
B48: 250路 | C48: 22585 | D48: 74391 | E48: 2704 | F48: 13 | G48: 4220 | H48: 0 | I48: =SUM(F48:H48) -> 4233 | J48: 16332 | K48: 3402 | L48: 277 | M48: 328 | N48: 3758 | O48: 0 | P48: 10 | Q48: 41 | R48: =SUM(J48:Q48) -> 24148 | S48: =R48+I48+E48+D48 -> 105476 | T48: =IFERROR(VLOOKUP(B48,[1]月分析表!$A$9:$AT$120,44,0),0)+IFERROR(VLOOKUP(B48,[1]月分析表!$A$9:$AU$120,46,0),0) -> 142 | U48: =S48+C48+T48 -> 128203
B49: 315路 | C49: 7191 | D49: 22851 | E49: 1373 | F49: 1 | G49: 2229 | H49: 0 | I49: =SUM(F49:H49) -> 2230 | J49: 16070 | K49: 1934 | L49: 237 | M49: 275 | N49: 1154 | O49: 0 | P49: 11 | Q49: 4 | R49: =SUM(J49:Q49) -> 19685 | S49: =R49+I49+E49+D49 -> 46139 | T49: =IFERROR(VLOOKUP(B49,[1]月分析表!$A$9:$AT$120,44,0),0)+IFERROR(VLOOKUP(B49,[1]月分析表!$A$9:$AU$120,46,0),0) -> 0 | U49: =S49+C49+T49 -> 53330
B50: 10026路 | C50: 0 | E50: 708 | F50: 0 | G50: 772 | H50: 0 | I50: =SUM(F50:H50) -> 772 | J50: 4123 | K50: 887 | L50: 118 | M50: 62 | N50: 0 | O50: 0 | P50: 6 | Q50: 4 | R50: =SUM(J50:Q50) -> 5200 | S50: =R50+I50+E50+D50 -> 6680 | T50: =IFERROR(VLOOKUP(B50,[1]月分析表!$A$9:$AT$120,44,0),0)+IFERROR(VLOOKUP(B50,[1]月分析表!$A$9:$AU$120,46,0),0) -> 0 | U50: =S50+C50+T50 -> 6680
B51: 10250路 | C51: 1880 | D51: 9158 | E51: 329 | F51: 0 | G51: 1213 | H51: 0 | I51: =SUM(F51:H51) -> 1213 | J51: 1334 | K51: 375 | L51: 25 | M51: 38 | N51: 462 | O51: 0 | P51: 0 | Q51: 0 | R51: =SUM(J51:Q51) -> 2234 | S51: =R51+I51+E51+D51 -> 12934 | T51: =IFERROR(VLOOKUP(B51,[1]月分析表!$A$9:$AT$120,44,0),0)+IFERROR(VLOOKUP(B51,[1]月分析表!$A$9:$AU$120,46,0),0) -> 0 | U51: =S51+C51+T51 -> 14814
A52: 五车队 | B52: 4路 | C52: 8211 | D52: 82623 | E52: 5115 | F52: 3 | G52: 2842 | H52: 0 | I52: =SUM(F52:H52) -> 2845 | J52: 39873 | K52: 5199 | L52: 1477 | M52: 492 | N52: 4173 | O52: 0 | P52: 86 | Q52: 33 | R52: =SUM(J52:Q52) -> 51333 | S52: =R52+I52+E52+D52 -> 141916 | T52: =IFERROR(VLOOKUP(B52,[1]月分析表!$A$9:$AT$120,44,0),0)+IFERROR(VLOOKUP(B52,[1]月分析表!$A$9:$AU$120,46,0),0) -> 7480 | U52: =S52+C52+T52 -> 157607
B53: 22路 | C53: 4515 | D53: 32808 | E53: 1505 | F53: 2 | G53: 1848 | H53: 0 | I53: =SUM(F53:H53) -> 1850 | J53: 20330 | K53: 2821 | L53: 1017 | M53: 614 | N53: 1657 | O53: 0 | P53: 25 | Q53: 11 | R53: =SUM(J53:Q53) -> 26475 | S53: =R53+I53+E53+D53 -> 62638 | T53: =IFERROR(VLOOKUP(B53,[1]月分析表!$A$9:$AT$120,44,0),0)+IFERROR(VLOOKUP(B53,[1]月分析表!$A$9:$AU$120,46,0),0) -> 0 | U53: =S53+C53+T53 -> 67153
B54: 36路 | C54: 20132 | D54: 136229 | E54: 5460 | F54: 3 | G54: 11845 | H54: 0 | I54: =SUM(F54:H54) -> 11848 | J54: 52725 | K54: 9540 | L54: 2258 | M54: 1098 | N54: 6881 | O54: 0 | P54: 93 | Q54: 41 | R54: =SUM(J54:Q54) -> 72636 | S54: =R54+I54+E54+D54 -> 226173 | T54: =IFERROR(VLOOKUP(B54,[1]月分析表!$A$9:$AT$120,44,0),0)+IFERROR(VLOOKUP(B54,[1]月分析表!$A$9:$AU$120,46,0),0) -> 2509 | U54: =S54+C54+T54 -> 248814
B55: 38路 | C55: 17773 | D55: 131093 | E55: 6125 | F55: 48 | G55: 8974 | H55: 0 | I55: =SUM(F55:H55) -> 9022 | J55: 40451 | K55: 7912 | L55: 2159 | M55: 1250 | N55: 6622 | O55: 0 | P55: 99 | Q55: 22 | R55: =SUM(J55:Q55) -> 58515 | S55: =R55+I55+E55+D55 -> 204755 | T55: =IFERROR(VLOOKUP(B55,[1]月分析表!$A$9:$AT$120,44,0),0)+IFERROR(VLOOKUP(B55,[1]月分析表!$A$9:$AU$120,46,0),0) -> 4846 | U55: =S55+C55+T55 -> 227374
B56: 61路 | C56: 13355 | D56: 97354 | E56: 4802 | F56: 0 | G56: 6891 | H56: 0 | I56: =SUM(F56:H56) -> 6891 | J56: 42645 | K56: 6664 | L56: 2076 | M56: 1150 | N56: 4917 | O56: 0 | P56: 113 | Q56: 45 | R56: =SUM(J56:Q56) -> 57610 | S56: =R56+I56+E56+D56 -> 166657 | T56: =IFERROR(VLOOKUP(B56,[1]月分析表!$A$9:$AT$120,44,0),0)+IFERROR(VLOOKUP(B56,[1]月分析表!$A$9:$AU$120,46,0),0) -> 79 | U56: =S56+C56+T56 -> 180091
B57: 63路 | C57: 7801 | D57: 63332 | E57: 3461 | F57: 12 | G57: 3211 | H57: 0 | I57: =SUM(F57:H57) -> 3223 | J57: 34284 | K57: 4457 | L57: 932 | M57: 438 | N57: 3198 | O57: 0 | P57: 67 | Q57: 18 | R57: =SUM(J57:Q57) -> 43394 | S57: =R57+I57+E57+D57 -> 113410 | T57: =IFERROR(VLOOKUP(B57,[1]月分析表!$A$9:$AT$120,44,0),0)+IFERROR(VLOOKUP(B57,[1]月分析表!$A$9:$AU$120,46,0),0) -> 0 | U57: =S57+C57+T57 -> 121211
B58: 67路 | C58: 17695 | D58: 128109 | E58: 5706 | F58: 132 | G58: 9929 | H58: 0 | I58: =SUM(F58:H58) -> 10061 | J58: 42204 | K58: 8649 | L58: 2022 | M58: 1087 | N58: 6470 | O58: 0 | P58: 48 | Q58: 29 | R58: =SUM(J58:Q58) -> 60509 | S58: =R58+I58+E58+D58 -> 204385 | T58: =IFERROR(VLOOKUP(B58,[1]月分析表!$A$9:$AT$120,44,0),0)+IFERROR(VLOOKUP(B58,[1]月分析表!$A$9:$AU$120,46,0),0) -> 8734 | U58: =S58+C58+T58 -> 230814
B59: 242路 | C59: 3125 | D59: 10731 | E59: 583 | F59: 0 | G59: 417 | H59: 0 | I59: =SUM(F59:H59) -> 417 | J59: 6190 | K59: 1162 | L59: 81 | M59: 103 | N59: 542 | O59: 0 | P59: 1 | Q59: 3 | R59: =SUM(J59:Q59) -> 8082 | S59: =R59+I59+E59+D59 -> 19813 | T59: =IFERROR(VLOOKUP(B59,[1]月分析表!$A$9:$AT$120,44,0),0)+IFERROR(VLOOKUP(B59,[1]月分析表!$A$9:$AU$120,46,0),0) -> 0 | U59: =S59+C59+T59 -> 22938
B60: 310路 | C60: 473 | D60: 3851 | E60: 181 | F60: 0 | G60: 997 | H60: 0 | I60: =SUM(F60:H60) -> 997 | J60: 1313 | K60: 215 | L60: 34 | M60: 14 | N60: 194 | O60: 0 | P60: 44 | Q60: 0 | R60: =SUM(J60:Q60) -> 1814 | S60: =R60+I60+E60+D60 -> 6843 | T60: =IFERROR(VLOOKUP(B60,[1]月分析表!$A$9:$AT$120,44,0),0)+IFERROR(VLOOKUP(B60,[1]月分析表!$A$9:$AU$120,46,0),0) -> 0 | U60: =S60+C60+T60 -> 7316
B61: 805路 | C61: 3010 | D61: 7672 | E61: 196 | F61: 0 | G61: 0 | H61: 0 | I61: =SUM(F61:H61) -> 0 | J61: 0 | K61: 0 | L61: 0 | M61: 0 | N61: 387 | O61: 0 | P61: 0 | Q61: 0 | R61: =SUM(J61:Q61) -> 387 | S61: =R61+I61+E61+D61 -> 8255 | T61: =IFERROR(VLOOKUP(B61,[1]月分析表!$A$9:$AT$120,44,0),0)+IFERROR(VLOOKUP(B61,[1]月分析表!$A$9:$AU$120,46,0),0) -> 0 | U61: =S61+C61+T61 -> 11265
A62: 六车队 | B62: 8路 | C62: 11435 | D62: 124172 | E62: 5350 | F62: 81 | G62: 5982 | H62: 0 | I62: =SUM(F62:H62) -> 6063 | J62: 47023 | K62: 7260 | L62: 1935 | M62: 837 | N62: 6272 | O62: 0 | P62: 177 | Q62: 94 | R62: =SUM(J62:Q62) -> 63598 | S62: =R62+I62+E62+D62 -> 199183 | T62: =IFERROR(VLOOKUP(B62,[1]月分析表!$A$9:$AT$120,44,0),0)+IFERROR(VLOOKUP(B62,[1]月分析表!$A$9:$AU$120,46,0),0) -> 0 | U62: =S62+C62+T62 -> 210618
B63: 10路 | C63: 12716 | D63: 98460 | E63: 4473 | F63: 3 | G63: 2372 | H63: 0 | I63: =SUM(F63:H63) -> 2375 | J63: 44482 | K63: 7545 | L63: 1949 | M63: 976 | N63: 4973 | O63: 0 | P63: 73 | Q63: 31 | R63: =SUM(J63:Q63) -> 60029 | S63: =R63+I63+E63+D63 -> 165337 | T63: =IFERROR(VLOOKUP(B63,[1]月分析表!$A$9:$AT$120,44,0),0)+IFERROR(VLOOKUP(B63,[1]月分析表!$A$9:$AU$120,46,0),0) -> 5775 | U63: =S63+C63+T63 -> 183828
B64: 12路 | C64: 11189 | D64: 93732 | E64: 4541 | F64: 3 | G64: 2346 | H64: 0 | I64: =SUM(F64:H64) -> 2349 | J64: 41900 | K64: 6924 | L64: 2017 | M64: 897 | N64: 4735 | O64: 0 | P64: 129 | Q64: 39 | R64: =SUM(J64:Q64) -> 56641 | S64: =R64+I64+E64+D64 -> 157263 | T64: =IFERROR(VLOOKUP(B64,[1]月分析表!$A$9:$AT$120,44,0),0)+IFERROR(VLOOKUP(B64,[1]月分析表!$A$9:$AU$120,46,0),0) -> 0 | U64: =S64+C64+T64 -> 168452
B65: 16路 | C65: 14964 | D65: 102120 | E65: 5460 | F65: 4 | G65: 3770 | H65: 0 | I65: =SUM(F65:H65) -> 3774 | J65: 66512 | K65: 8005 | L65: 2685 | M65: 1036 | N65: 5157 | O65: 0 | P65: 60 | Q65: 102 | R65: =SUM(J65:Q65) -> 83557 | S65: =R65+I65+E65+D65 -> 194911 | T65: =IFERROR(VLOOKUP(B65,[1]月分析表!$A$9:$AT$120,44,0),0)+IFERROR(VLOOKUP(B65,[1]月分析表!$A$9:$AU$120,46,0),0) -> 0 | U65: =S65+C65+T65 -> 209875
B66: 48路 | C66: 9041 | D66: 119539 | E66: 3864 | F66: 13 | G66: 2389 | H66: 0 | I66: =SUM(F66:H66) -> 2402 | J66: 32618 | K66: 4284 | L66: 840 | M66: 448 | N66: 6038 | O66: 0 | P66: 210 | Q66: 42 | R66: =SUM(J66:Q66) -> 44480 | S66: =R66+I66+E66+D66 -> 170285 | T66: =IFERROR(VLOOKUP(B66,[1]月分析表!$A$9:$AT$120,44,0),0)+IFERROR(VLOOKUP(B66,[1]月分析表!$A$9:$AU$120,46,0),0) -> 0 | U66: =S66+C66+T66 -> 179326
B67: 306路 | C67: 6894 | D67: 33016 | E67: 1920 | F67: 39 | G67: 4279 | H67: 0 | I67: =SUM(F67:H67) -> 4318 | J67: 18461 | K67: 2862 | L67: 581 | M67: 225 | N67: 1668 | O67: 0 | P67: 23 | Q67: 22 | R67: =SUM(J67:Q67) -> 23842 | S67: =R67+I67+E67+D67 -> 63096 | T67: =IFERROR(VLOOKUP(B67,[1]月分析表!$A$9:$AT$120,44,0),0)+IFERROR(VLOOKUP(B67,[1]月分析表!$A$9:$AU$120,46,0),0) -> 0 | U67: =S67+C67+T67 -> 69990
B68: 603路 | C68: 2160 | D68: 11915 | E68: 935 | F68: 0 | G68: 1345 | H68: 0 | I68: =SUM(F68:H68) -> 1345 | J68: 9808 | K68: 1530 | L68: 325 | M68: 100 | N68: 602 | O68: 0 | P68: 5 | Q68: 5 | R68: =SUM(J68:Q68) -> 12375 | S68: =R68+I68+E68+D68 -> 26570 | T68: =IFERROR(VLOOKUP(B68,[1]月分析表!$A$9:$AT$120,44,0),0)+IFERROR(VLOOKUP(B68,[1]月分析表!$A$9:$AU$120,46,0),0) -> 0 | U68: =S68+C68+T68 -> 28730
B69: 5203路 | C69: 38 | D69: 1774 | E69: 29 | F69: 0 | G69: 0 | H69: 0 | I69: =SUM(F69:H69) -> 0 | J69: 56 | K69: 8 | L69: 0 | M69: 0 | N69: 0 | O69: 0 | P69: 0 | Q69: 0 | R69: =SUM(J69:Q69) -> 64 | S69: =R69+I69+E69+D69 -> 1867 | T69: =IFERROR(VLOOKUP(B69,[1]月分析表!$A$9:$AT$78,44,0),0)+IFERROR(VLOOKUP(B69,[1]月分析表!$A$9:$AU$78,46,0),0)+S69+C69 -> 1905 | U69: =T69 -> 1905
B70: 5204路 | I70: =SUM(F70:H70) -> 0 | R70: =SUM(J70:Q70) -> 0 | S70: =R70+I70+E70+D70 -> 0 | T70: =IFERROR(VLOOKUP(B70,[1]月分析表!$A$9:$AT$78,44,0),0)+IFERROR(VLOOKUP(B70,[1]月分析表!$A$9:$AU$78,46,0),0)+S70+C70 -> 15280 | U70: =T70 -> 15280
A71: 七车队 | B71: 46路 | C71: 10464 | D71: 81463 | E71: 2194 | F71: 1 | G71: 1516 | H71: 0 | I71: =SUM(F71:H71) -> 1517 | J71: 22128 | K71: 3513 | L71: 934 | M71: 297 | N71: 4115 | O71: 0 | P71: 32 | Q71: 17 | R71: =SUM(J71:Q71) -> 31036 | S71: =R71+I71+E71+D71 -> 116210 | T71: =IFERROR(VLOOKUP(B71,[1]月分析表!$A$9:$AT$120,44,0),0)+IFERROR(VLOOKUP(B71,[1]月分析表!$A$9:$AU$120,46,0),0) -> 0 | U71: =S71+C71+T71 -> 126674
B72: 87路 | C72: 2414 | D72: 21192 | E72: 729 | F72: 0 | G72: 788 | H72: 0 | I72: =SUM(F72:H72) -> 788 | J72: 6027 | K72: 1006 | L72: 232 | M72: 185 | N72: 1070 | O72: 0 | P72: 22 | Q72: 8 | R72: =SUM(J72:Q72) -> 8550 | S72: =R72+I72+E72+D72 -> 31259 | T72: =IFERROR(VLOOKUP(B72,[1]月分析表!$A$9:$AT$120,44,0),0)+IFERROR(VLOOKUP(B72,[1]月分析表!$A$9:$AU$120,46,0),0) -> 0 | U72: =S72+C72+T72 -> 33673
B73: 229路 | C73: 11861 | D73: 82326 | E73: 2250 | F73: 18 | G73: 672 | H73: 0 | I73: =SUM(F73:H73) -> 690 | J73: 9300 | K73: 1849 | L73: 457 | M73: 326 | N73: 4158 | O73: 0 | P73: 52 | Q73: 62 | R73: =SUM(J73:Q73) -> 16204 | S73: =R73+I73+E73+D73 -> 101470 | T73: =IFERROR(VLOOKUP(B73,[1]月分析表!$A$9:$AT$120,44,0),0)+IFERROR(VLOOKUP(B73,[1]月分析表!$A$9:$AU$120,46,0),0) -> 0 | U73: =S73+C73+T73 -> 113331
B74: 258路 | C74: 3120 | D74: 11520 | E74: 612 | F74: 0 | G74: 886 | H74: 0 | I74: =SUM(F74:H74) -> 886 | J74: 3493 | K74: 840 | L74: 155 | M74: 72 | N74: 582 | O74: 0 | P74: 5 | Q74: 2 | R74: =SUM(J74:Q74) -> 5149 | S74: =R74+I74+E74+D74 -> 18167 | T74: =IFERROR(VLOOKUP(B74,[1]月分析表!$A$9:$AT$120,44,0),0)+IFERROR(VLOOKUP(B74,[1]月分析表!$A$9:$AU$120,46,0),0) -> 0 | U74: =S74+C74+T74 -> 21287
B75: 600路 | C75: 40 | D75: 655 | E75: 44 | F75: 0 | G75: 5 | H75: 0 | I75: =SUM(F75:H75) -> 5 | J75: 72 | K75: 24 | L75: 0 | M75: 3 | N75: 33 | O75: 0 | P75: 0 | Q75: 0 | R75: =SUM(J75:Q75) -> 132 | S75: =R75+I75+E75+D75 -> 836 | T75: =IFERROR(VLOOKUP(B75,[1]月分析表!$A$9:$AT$120,44,0),0)+IFERROR(VLOOKUP(B75,[1]月分析表!$A$9:$AU$120,46,0),0) -> 0 | U75: =S75+C75+T75 -> 876
B76: 803路 | C76: 2142 | D76: 1994 | E76: 16 | F76: 0 | G76: 0 | H76: 0 | I76: =SUM(F76:H76) -> 0 | J76: 0 | K76: 0 | L76: 0 | M76: 0 | N76: 100 | O76: 0 | P76: 0 | Q76: 0 | R76: =SUM(J76:Q76) -> 100 | S76: =R76+I76+E76+D76 -> 2110 | T76: =IFERROR(VLOOKUP(B76,[1]月分析表!$A$9:$AT$120,44,0),0)+IFERROR(VLOOKUP(B76,[1]月分析表!$A$9:$AU$120,46,0),0) -> 0 | U76: =S76+C76+T76 -> 4252
B77: 804路 | C77: 4194 | D77: 20229 | E77: 513 | F77: 0 | G77: 0 | H77: 0 | I77: =SUM(F77:H77) -> 0 | J77: 0 | K77: 0 | L77: 0 | M77: 0 | N77: 1022 | O77: 0 | P77: 0 | Q77: 0 | R77: =SUM(J77:Q77) -> 1022 | S77: =R77+I77+E77+D77 -> 21764 | T77: =IFERROR(VLOOKUP(B77,[1]月分析表!$A$9:$AT$120,44,0),0)+IFERROR(VLOOKUP(B77,[1]月分析表!$A$9:$AU$120,46,0),0) -> 0 | U77: =S77+C77+T77 -> 25958
B78: 5409路 | C78: 56 | D78: 682 | E78: 8 | F78: 0 | G78: 0 | H78: 0 | I78: =SUM(F78:H78) -> 0 | J78: 0 | K78: 0 | L78: 0 | M78: 0 | N78: 0 | O78: 0 | P78: 0 | Q78: 0 | R78: =SUM(J78:Q78) -> 0 | S78: =R78+I78+E78+D78 -> 690 | T78: =IFERROR(VLOOKUP(B78,[1]月分析表!$A$9:$AT$78,44,0),0)+IFERROR(VLOOKUP(B78,[1]月分析表!$A$9:$AU$78,46,0),0)+S78+C78 -> 746 | U78: =T78 -> 746
B79: B262路 | C79: 6696 | D79: 32788 | E79: 1191 | F79: 25 | G79: 647 | H79: 0 | I79: =SUM(F79:H79) -> 672 | J79: 5448 | K79: 1387 | L79: 292 | M79: 270 | N79: 1656 | O79: 0 | P79: 29 | Q79: 11 | R79: =SUM(J79:Q79) -> 9093 | S79: =R79+I79+E79+D79 -> 43744 | T79: =IFERROR(VLOOKUP(B79,[1]月分析表!$A$9:$AT$120,44,0),0)+IFERROR(VLOOKUP(B79,[1]月分析表!$A$9:$AU$120,46,0),0) -> 0 | U79: =S79+C79+T79 -> 50440
B80: 9009路 | C80: 0 | D80: 28 | E80: 0 | F80: 0 | G80: 0 | H80: 0 | I80: =SUM(F80:H80) -> 0 | J80: 1 | K80: 1 | L80: 0 | M80: 0 | N80: 1 | O80: 0 | P80: 0 | Q80: 0 | R80: =SUM(J80:Q80) -> 3 | S80: =R80+I80+E80+D80 -> 31 | T80: =IFERROR(VLOOKUP(B80,[1]月分析表!$A$9:$AT$120,44,0),0)+IFERROR(VLOOKUP(B80,[1]月分析表!$A$9:$AU$120,46,0),0) -> 0 | U80: =S80+C80+T80 -> 31
B81: 9011路 | I81: =SUM(F81:H81) -> 0 | R81: =SUM(J81:Q81) -> 0 | S81: =R81+I81+E81+D81 -> 0 | T81: =IFERROR(VLOOKUP(B81,[1]月分析表!$A$9:$AT$120,44,0),0)+IFERROR(VLOOKUP(B81,[1]月分析表!$A$9:$AU$120,46,0),0)+S81+C81 -> 0 | U81: =T81 -> 0
B82: 4620路 | I82: =SUM(F82:H82) -> 0 | R82: =SUM(J82:Q82) -> 0 | S82: =R82+I82+E82+D82 -> 0 | T82: =IFERROR(VLOOKUP(B82,[1]月分析表!$A$9:$AT$120,44,0),0)+IFERROR(VLOOKUP(B82,[1]月分析表!$A$9:$AU$120,46,0),0)+S82+C82 -> 82 | U82: =T82 -> 82
B83: 4103路 | C83: 0 | D83: 0 | E83: 0 | F83: 0 | G83: 0 | I83: =SUM(F83:H83) -> 0 | J83: 0 | K83: 0 | L83: 0 | M83: 0 | O83: 0 | P83: 0 | Q83: 0 | R83: =SUM(J83:Q83) -> 0 | S83: =R83+I83+E83+D83 -> 0 | T83: =IFERROR(VLOOKUP(B83,[1]月分析表!$A$9:$AT$120,44,0),0)+IFERROR(VLOOKUP(B83,[1]月分析表!$A$9:$AU$120,46,0),0)+S83+C83 -> 0 | U83: =T83 -> 0
B84: 4637路 | T84: =IFERROR(VLOOKUP(B84,[1]月分析表!$A$9:$AT$120,44,0),0)+IFERROR(VLOOKUP(B84,[1]月分析表!$A$9:$AU$120,46,0),0)+S84+C84 -> 0 | U84: =T84 -> 0
B85: 4635路 | T85: =IFERROR(VLOOKUP(B85,[1]月分析表!$A$9:$AT$120,44,0),0)+IFERROR(VLOOKUP(B85,[1]月分析表!$A$9:$AU$120,46,0),0)+S85+C85 -> 0 | U85: =T85 -> 0
B86: 5425路 | I86: =SUM(F86:H86) -> 0 | R86: =SUM(J86:Q86) -> 0 | S86: =R86+I86+E86+D86 -> 0 | T86: =IFERROR(VLOOKUP(B86,[1]月分析表!$A$9:$AT$120,44,0),0)+IFERROR(VLOOKUP(B86,[1]月分析表!$A$9:$AU$120,46,0),0)+S86+C86 -> 2160 | U86: =T86 -> 2160
B87: B9路 | D87: 3628 | E87: 63 | F87: 0 | G87: 0 | I87: =SUM(F87:H87) -> 0 | J87: 9 | K87: 32 | L87: 0 | M87: 2 | N87: 184 | O87: 0 | P87: 1 | Q87: 0 | R87: =SUM(J87:Q87) -> 228 | S87: =R87+I87+E87+D87 -> 3919 | T87: =IFERROR(VLOOKUP(B87,[1]月分析表!$A$9:$AT$120,44,0),0)+IFERROR(VLOOKUP(B87,[1]月分析表!$A$9:$AU$120,46,0),0) -> 0 | U87: =S87+C87+T87 -> 3919
D90: 备注：XXXXXXXXX | R90: 制表人：XXX

Sheet Sheet2

Sheet Sheet3
